ProgID,OrgName,ProgName,HEPgoal,IndicGrp,Indicator,ProgObjectv,QAPP,SpatExtnt,TempExtnt,Freq,Reference,Contact
BOPORS,Billion Oyster Project,Oyster Research Stations Monitoring Program ,Habitat and Ecological Health,Marine,Established Oyster Beds,"Civic scientists monitoring for oyster growth and mortality, factors that affect oyster performance (water quality), biodiversity (mobile and sessile). ",None,"Upper and Lower New York Bay, Jamaica, and Raritan Bays; Hudson, East, and Harlem Rivers (sites may have multiple ORSs for a combined estimate of 200 ORS) MAP AVAILABLE: https://www.google.com/maps/d/viewer?mid=1zg_nnVQeFr5TUcaFiG-a86qSjqiAvj55&hl=en_US&ll=40.83267521879814%2C-73.9933975&z=10",2010-present,"Monthly, 2x per year full protocol inspection",https://platform.bop.nyc/,"Anna Weiss, Billion Oyster Project, aweiss@billionoysterproject.org"
BOPCWQT,"Billion Oyster Project, NYCWTA",Community Water Quality Testing Program,Water Quality,Pathogens,Enterococcus,Understanding levels of Enterococcus in popular swimming and boating areas.,NA,"Upper and Lower New York Bay, Jamaica, and Raritan Bays; Hudson, East, and Harlem Rivers",2012-present,Weekly from May - September,https://docs.google.com/spreadsheets/d/1WwjSWC3vYhAwoQAGg_JoIR-xLqiNa7DAX8rJVCEhotc/edit#gid=0,"waterquality@billionoysterproject.org, Anna Weiss or Cody Herrmann"
BxRAdrop,Bronx River Alliance,Project Water DROP,Water Quality,"Pathogens, Nutrients, In Situ Parameters, Containments of Emerging Concern","Enterococcus, Nitrogen, Conductivity, Dissolved Oxygen, pH, Water Temperature, Salinity, Harmful Algal Blooms (HABs), Phosphorus, Chlorine, Chloride",Ambient water quality monitoring to inform analysis of fecal and/or nutrient pollution sources and concentrations and document nutrient levels at different study sites within the watershed.,"QAPP 2014, 2015, 2017
https://www.riverkeeper.org/wp-content/uploads/2017/02/QAPP-for-RVK-BxRA-HRWA-SLC-CURB-EPA-UWSG-FINAL.pdf",Bronx River (33 sites),2014-2019,minimum of 20 samples per season,,"Christian Murphy, christian.murphy@bronxriver.org"
BxRAwaste,Bronx River Alliance,Project WASTE,Water Quality,Floatable Debris,Floatable debris,"Document types, materials, quantities, brands, and sources of floatable pollution.","QAPP 2014, 2015, 2018",Bronx River; 7 sites for floatables,2014-present,multiple days throughout the year,,"Christian Murphy, christian.murphy@bronxriver.org"
BBPCEE,Brooklyn Bridge Park Conservancy,Environmental Education Programs,Community Engagement,Civic Engagement,Participation in Stewardship Organizations,Engages and educates students and families year-round about marine ecology and the local urban environment.,,"Brooklyn Bridge Park, 99 Plymouth Street",2008-present,daily,https://www.brooklynbridgepark.org/education/,"Brooklyn Bridge Park Conservancy, info@brooklynbridgepark.org"
BBPCfish,Brooklyn Bridge Park Conservancy,Fishing Clinics ,"Water Quality, Habitat and Ecological Health","Dissolved Oxygen, In Situ Parameters, Marine","Estuarine & Diadromous Fish Abundance, Growth, pH, Dissolved Oxygen, Salinity, Water Temperature, Turbidity","Working with expert anglers and a marine biologist, participants will learn the basics of line fishing, while contributing to an ecological survey ? helping to monitor the health of our river.",Self-developed monitoring protocol in conjunction with East River Ethological Alliance,"Brooklyn Bridge Park, Pier 5",2019-present,varies,https://www.brooklynbridgepark.org/events/citizen-science-fishing-clinics/,"Christina Tobitsch, ctobitsch@brooklynbridgepark.org"
BBPCsein,Brooklyn Bridge Park Conservancy,Seining ,"Water Quality, Habitat and Ecological Health","Marine, In Situ Parameters","Estuarine & Diadromous Fish Abundance, Growth, pH, Dissolved Oxygen, salinity, Water Temperature, Turbidity",Public education with community science data collection using a seine net in shallow waters to identify and count species collected and release at the end of the program. ,Self-developed monitoring protocol in conjunction with East River Ethological Alliance,"Brooklyn Bridge Park, Pier 4 Beach",2008-present,varies,https://www.brooklynbridgepark.org/events/seining,"Christina Tobitsch, ctobitsch@brooklynbridgepark.org"
BBPCkay,"Brooklyn Bridge Park Conservancy, Brooklyn Boathouse",Kayaking,"Public Access and Stewardship, Community Engagement","Stewardship and Use, Civic Engagement, Citizen Science","Participation in Stewardship Organizations, Capacity of Stewardship Organizations (# of staff and volunteers), On-Water Programs (# of visitors to boathouse overtime)","Providing free kayaking throughout the summer on Wednesday and Thursday evenings, and Saturdays.",,"Brooklyn Bridge Park, Pier 2",2010-present,3x week in summer,https://www.brooklynbridgepark.org/events/kayaking/,"Brooklyn Bridge Park Conservancy, info@brooklynbridgepark.org"
COAbeach,Clean Ocean Action,Beach Sweeps,"Water Quality, Community Engagement","Floatable Debris, Civic Engagement, Citizen Science","Debris collected on beaches, Participation in Stewardship Organizations, Capacity of Stewardship Organizations (# of staff and volunteers)",Clean beaches of unsightly and harmful debris; collect and record valuable data about debris.,,Varies,1985-present,"varies, April and October",http://www.cleanoceanaction.org/index.php?id=670,outreach@cleanoceanaction.org; 732-872-0111
COAnav,"Clean Ocean Action, NJDEP, Navesink River Municipalities Committee, American Littoral Society",Navesink River Citizen Water Monitoring Program Pathogen Source Track down ,Water Quality,"Pathogens, In Situ Parameters","Fecal Coliform, Enterococcus, E. coli, Total Suspended Solids, Turbidity, Water Temperature",Identify the sources of nonpoint source pollution that is impacting the shellfish growing waters along the Navesink River and Estuary.,QAPP,18 locations along Navesink River,mid-June 2017 - May 2018,Weekly,https://drive.google.com/drive/folders/0B0dr_qSdU0PcX243aEl0dmVjV1k,"Mae Henry, outreach@cleanwateraction.org, 732-872-0811"
CUNYLam,"CUNY Queens College, Lamont-Doherty Earth Observatory",Hudson River Tributary Water Quality Monitoring,Water Quality,"Dissolved Oxygen, Pathogens, In Situ Parameters","Enterococcus, Water Temperature, Salinity, Chlorophyll-a, Turbidity, pH, Dissolved Oxygen",Measure fecal indicator bacteria and engage the public.,Y- available on https://www.riverkeeper.org/water-quality/testing/,Hudson River - 74 stations,"2006-present, variations in stations",1x per month from May to October,https://www.riverkeeper.org/water-quality/citizen-data/,"Greg O'Mullan, gregory.omullan@qc.cuny.edu and Andrew Juhl, andyjuhl@ldeo.columbia.edu"
EPAbeach,EPA,Beaches Environmental Assessment and Coastal Health (BEACH) Act of 2000 ,Water Quality,Pathogens,Enterococcus,To help local authorities conduct bacteriological monitoring of their coastal and Great Lakes beaches and notify the public of water quality conditions that may be unsafe for swimming.,New York State Department of Health has an approved QAPP,public beaches,2004-present,seasonally/weekly,https://watersgeo.epa.gov/beacon2/reports.html,"Helen Grebe, Grebe.Helen@epa.gov"
EPAmst,EPA,Microbial Source Track down Program for Human Sources of Fecal Pollution,Water Quality,Pathogens,"Total coliform, Fecal Coliform, Enterococcus, E. coli, Human DNA Markers",To identify areas of fecal contamination from human sources using conventional micro parameters to measure against WQS and 2 human DNA markers (HumM2 and HF183) to determine relative levels of human origin Bacteroides. ,QAPP,Suspected areas of sewage inputs ,2014-2022,As requested by Program Offices,EPA Region 2 SOP B-49 - Human Associated Bacteroides in Water by qPCR Assay,"Jim Ferretti, Ferretti.Jim@epa.gov"
EPAncca,EPA,National Coastal Condition Assessment,"Water Quality, Habitat and Ecological Health, Port and Maritime","Dissolved Oxygen, Nutrients, In Situ Parameters, Marine, Toxics","Chlorophyll-a, Nitrogen, Phosphorus, Dissolved Oxygen, Salinity, Transparency (secchi), grain size, Total Organic Carbon, PCBs,  PAHs in sediment, Metals in sediment (Hg, Cr, Cd, Pb), Benthic Index of Biotic Integrity, Microsysthins; Body burdens of PCBs, dioxins, PFCs, Mercury and other heavy metals","To address two key questions about the quality of the Nation?s coastal waters: What percent of the Nation?s coastal waters are in good, fair, and poor condition for key indicators of water quality, ecological health, and recreation? What is the relative importance of key stressors such as nutrients and contaminated sediments? ",QAPP,Nationwide - a dozen or so sampling locations within HEP's core area for 2010 field season; 2015 sampling data online: 2020 provisional data online,"2010, 2015, 2020, 2025",Every 5 years,https://www.epa.gov/national-aquatic-resource-surveys/ncca,"Hugh Sullivan, Sullivan.Hugy@epa.gov"
EPAremap,EPA,Regional Environmental Monitoring and Assessment Program,"Water Quality, Habitat and Ecological Health, Port and Maritime","Dissolved Oxygen, In Situ Parameters, Marine, Toxics","Dissolved Oxygen, pH, Water Temperature, Salinity, Transparency (secchi), Metals in Sediment, Benthic Index of Biotic Integrity","Evaluate statistically whether the percent of area that is degraded or not degraded in each of the sub-basins with regard to sediment chemistry, benthic macroinvertebrates, and toxicity.",QAPP,28 probabilistically selected stations in each of 4 subareas; Upper Harbor; Newark Bay; Lower Harbor (includes Raritan and Sandy Hook Bay); Jamaica Bay,"1993/4, 1998, 2003, 2005, 2013 (July - early September)",Every 5 years (if possible),https://www.waterqualitydata.us/,
EPAsuper,EPA,Superfund Program,Port and Maritime,Toxics,"PCBs in sediment, PAHs in sediment, Dioxin in sediment, Metals in sediment, Loadings of contaminants","Responsible for cleaning up some of the nation?s most contaminated land and responding to environmental emergencies, oil spills and natural disasters. ",,"Hudson River (General Electric PCBs), Passaic River and Newark Bay, Chemours Pompton Lakes Works Site,  Gowanus Canal, Newtown Creek, Pierson's Creek, Berry's Creek (Ventron/Velsicol), Quanta Resources Corporation (Edgewater, NJ), Raritan Bay Slag",Varies,Varies,https://www.epa.gov/superfund,"Elizabeth Butler, butler.elizabeth@epa.gov"
Gotham,Gotham Whale,Citizen Science Monitoring for Pathogen Indicators Along the NJ Raritan Bayshore,Water Quality,"Dissolved Oxygen, Pathogens, In Situ Parameters","Water Temperature, Salinity, Dissolved Oxygen, pH, Enterococcus",To collect data and information on water quality for beaches along the Raritan Bayshore that are considered non-bathing beaches.,Citizen Science QAPP April 2016,"Staten Island, 7 sites seven sites along the north and south shores",2016 (June-October),5x per month for one time study,https://www.hudsonriver.org/wp-content/uploads/2017/10/Gotham-Whale-Pathogens-Monitoring-Final-Report.pdf,"Paul L. Sieswerda, Paul@GothamWhale.org"
GCCbiobl,"Gowanus Canal Conservancy, Maculay Honors College, Greenwood Cemetery",BioBlitz,Community Engagement,Civic Engagement,"Participation in Stewardship Organizations, Species Richness",Provide a snapshot of what's living in Gowanus at a time of rapid change associated with the Superfund clean up and development.,,"Gowanus Canal, Greenwood Cemetery",2017-2019,One time (2019),"(2017) https://www.inaturalist.org/projects/gcc-pilot-blitz (2018) https://www.inaturalist.org/projects/gowanus-bioblitz-2018 (2019) https://www.inaturalist.org/projects/2019-macaulay-honors-college-green-wood-and-gowanus-bioblitz?tab=observations (data from Maculay) https://eportfolios.macaulay.cuny.edu/bioblitz/2019/10/15/2019-green-wood-cemetery-gowanus-canal-bioblitz-data/
(2019) Gowanus Ecosystems Report https://gowanuscanalconservancy.org/wp-content/uploads/2020/04/2021-Gowanus-Ecosystems-Report-Draft-210611-optimized.pdf","Christine Petro, christine@gowanuscanalconservancy.org"
GDCCdrone,Gowanus Dredgers Canoe Club,Underwater Drone and Species Identification Program,Habitat and Ecological Health,Marine,Estuarine & Diadromous Fish Abundance,Inspecting underwater habitat types and developing a guide of observed species.,,Gowanus Canal,Throughout the year,monthly,http://gowanuscanal.org/gowanus-drone-explorations,Ashley Privett / Nicole Vergalla
GDCCcwqt,"Gowanus Dredgers Canoe Club, Billion Oyster Program",Citizens Water Quality Testing Program,Water Quality,Pathogens,Enterococcus,Weekly water test of Enterococcus bacteria to measure frequency of Combined Sewer Overflow (CSO) events. ,EPA-approved Enterolert system from IDEXX Laboratories ,"Gowanus Canal and Gowanus Bay to Sunset Park, but part of city wide network of sampling sites",May-November,weekly,New York City Dept of Health Enterococcus Standards    https://docs.google.com/spreadsheets/d/1WwjSWC3vYhAwoQAGg_JoIR-xLqiNa7DAX8rJVCEhotc/edit?mc_cid=1e729328d9&mc_eid=590d0dbd22#gid=0,Eymund Diegel 
GDCCmuss,"Gowanus Dredgers Canoe Club, Gowanus Canal Conservancy",Mussel Habitat Installation Program,Habitat and Ecological Health,Shoreline and Shallows,Shoreline and Habitat Unit Shell Counts,Testing prototypes of shoreline mussel habitats to increase mussel breeding in the Gowanus Canal.,,Gowanus Canal,"Throughout the year, warmer months",quarterly,https://www.awesomefoundation.org/en/projects/125691-ribbed-mussel-rehabilitation-project,Gary Francis 
GSWA,Great Swamp Watershed Association,Great Swamp Watershed Water Quality Testing,"Water Quality, Habitat and Ecological Health","Dissolved Oxygen, Pathogens, Nutrients, In Situ Parameters, Marine","Nitrogen, Phosphorous, Dissolved Oxygen, pH, Total Dissolved Solids, Sodium, Benthic Index of Biotic Integrity, E. coli, Fecal Coliform; Stream Depth, Width, Nearby Land Uses, Presence of Stream Bank Erosion, Presence of Pollutants or Hazards","Monitor the water quality of our watershed streams by conducting chemical, macroinvertebrate, visual, and ÿbacteria assessments. ",coliform and E. coli bacteria testing program uses state recommended IDEX system,"16 locations (for chemical assessment, fewer for macroinvertebrates and bacteria?) in the five main streams of Great Swamp Watershed and Passaic River",1999-present (bacteria since 2015),"""regular intervals each year"", macroinvertebrates yearly (once each summer), bacteria weekly for five weeks mid July - early August",http://www.imrivers.org/gswa_swamp/,"Sandra LaVigne, sandral@greatswamp.org, (973) 538-3500"
HRNERRmars,HRNERR,Marsh Vegetation Transect Data ,Habitat and Ecological Health,Wetlands,"Marsh Vegetation, Marsh Accretion",Monitor changes in marsh vegetation composition in relation to marsh elevation changes.,,"Tivoli North Bay, Tivoli South Bay, Piermont Marsh",2012-present,Study sites are monitored on a 5-year rotating schedule,http://cdmo.baruch.sc.edu/get/vegetation_index.cfm,"Sarah Fernald, NYSDEC               845-889-4745 x111
sarah.fernald@dec.ny.gov"
HRNERRwq,HRNERR,Water Quality Monitoring,Water Quality,"Dissolved Oxygen, Pathogens, In Situ Parameters","Dissolved Oxygen, Fecal Coliform, Water Temperature, pH, Salinity, Chlorophyll-a, Turbidity",,,"Bear Mountain, Ferry Landing, Tivoli North Bay, Tivoli South Bay, Norrie Point, Saw Kill, Stony Creek",1995-present,,https://cdmo.baruch.sc.edu/dges/,"Sarah Fernald, NYSDEC               845-889-4745 x111
sarah.fernald@dec.ny.gov"
HRECOS,"HRNERR, NYSDEC",System-Wide Monitoring Program (SWMP) Meteorological Data (HRECOS),Climate Change,,"Air Temperature, Barometric Pressure, Photosynthetically Active Radiation, Precipitation, Relative Humidity, Wind Direction, Wind Gust, Wind Speed",Weather,,"Bard College Field Station, Norrie Point",2002-present,continuous 15 min data,http://cdmo.baruch.sc.edu/aqs/zips.cfm,"Sarah Fernald, NYSDEC               845-889-4745 x111
sarah.fernald@dec.ny.gov"
HRECOS,"HRNERR, NYSDEC",System-Wide Monitoring Program (SWMP) Water Quality Data,Water Quality,"Dissolved Oxygen, In Situ Parameters","Water Temperature, Specific Conductivity, Salinity, Dissolved Oxygen, Depth, pH, Turbidity",Tidal Wetlands,,"Tivoli North Bay, Tivoli South Bay, Norrie Point, Bear Mountain, Ferry Landing",2002-present,continuous 15 min data,http://cdmo.baruch.sc.edu/aqs/zips.cfm,"Sarah Fernald, NYSDEC               845-889-4745 x111
sarah.fernald@dec.ny.gov"
HRNERRben,"HRNERR, NYSDEC",Hudson River Estuary Benthic Maps,Habitat and Ecological Health,Marine,Benthic Index of Biotic Integrity,Map benthic habitats in the Hudson River Estuary,,Hudson Troy-Hastings,"1998-2004, 2022",n/a,https://gis.ny.gov/gisdata/inventories/details.cfm?DSID=1136,"Sarah Fernald, NYSDEC               845-889-4745 x111
sarah.fernald@dec.ny.gov"
HRNERRsav,"HRNERR, NYSDEC",Hudson River Estuary Documented Submerged Aquatic Vegetation,Habitat and Ecological Health,Shorelines and Shallows,"Submerged Aquatic Vegetation, Floating Vegetation (Trapa natans)",Map SAV in the Hudson River Estuary,,Hudson Troy-Hastings,"1997, 2002, 2007, 2014, 2016, 2018",n/a,http://gis.ny.gov/gisdata/inventories/details.cfm?DSID=1350,"Sarah Fernald, NYSDEC               845-889-4745 x111
sarah.fernald@dec.ny.gov"
HRNERRtid,"HRNERR, NYSDEC",Hudson River Estuary Tidal Wetlands 2007 ,Habitat and Ecological Health,Wetlands,Area of Wetlands,Map tidal wetlands in Hudson River Estuary,,Hudson Troy-Hastings,"2007, 2018",n/a,"http://gis.ny.gov/gisdata/inventories/details.cfm?DSID=1210, http://gis.ny.gov/gisdata/inventories/details.cfm?DSID=1250","Sarah Fernald, NYSDEC               845-889-4745 x111
sarah.fernald@dec.ny.gov"
HRNERRsavv,"HRNERR, NYSDEC, Cary Institute",SAV Volunteer Monitoring Program (HRNERRsavv),Habitat and Ecological Health,Shorelines and Shallows,Submerged Aquatic Vegetation,Assess SAV dynamics between mapping inventories.,,Hudson Troy-Hastings,2003-present,annually,,"Sarah Fernald, NYSDEC               845-889-4745 x111
sarah.fernald@dec.ny.gov"
HEPcarp,Hudson River Foundation,Contamination Assessment and Reduction Program (CARP),Port and Maritime,Toxics,"PCBs, PAHs, Dioxins, Metals (dissolved cadmium Cd, lead Pb, mercury Hg), Pesticides (DDT, Aldrin, Dieldrin)","To identify and quantify sources of contaminants of concern to the NY/NJ Harbor Estuary from dredged material; establish baseline levels of contaminants of concern in water, sediments, and fish tissue; and predict future conditions.",QAPP,"Hudson River (below Troy, NY), Passaic River, Hackensack River, Newark Bay, Upper NY Bay, East River, Kill van Kull, Arthur Kill, Lower Bay, Jamaica Bay, and NY Bight",1999-2006,,,"Jim Lodge, (212) 483-7667, jim@hudsonriver.org"
HEPcac,"Hudson River Foundation, New York-New Jersey Harbor & Estuary Program",Citizen Advisory Committee Civic Science Survey,Community Engagement,Civic Engagement,"Participation in Civic Science, Participation in Stewardship Organizations",Understanding the breath and depth of civic science in the Hudson-Raritan Estuary,No,Harbor Estuary,Varies,1 time,,"Elizabeth Balladares, (212) 483-7667, eballadares@hudsonriver.org"
Fsstew,"Hudson River Foundation, New York-New Jersey Harbor & Estuary Program, USDA Forest Service",Connecting with Our Waterways: Public Access and its Stewardship in the New York-New Jersey Harbor Estuary,"Public Access and Stewardship, Community Engagement",Public Access,"Publicly accessible waterfront, Publicly accessible waterfront in acres in higher need communities, Capacity of stewardship organizations","To characterize public access and its distribution around the Harbor Estuary, the relationship of these parks and public spaces to socioeconomic need, and where and how civic organizations are providing stewardship and programing at the water front.",No,Harbor Estuary,"2016-present, varies",1 time,NYC Region - https://www.arcgis.com/home/item.html?id=e1a80a64d32a400bb03e772631d313dc,"Elizabeth Balladares, eballadares@hudsonriver.org; Michelle Johnson, michelle.l.johnson@usda.gov
"
HRPfest,Hudson River Park's River Project,SUBMERGE Marine Science Festival,"Public Access and Stewardship, Community Engagement","Stewardship and Use, Civic Engagement, Citizen Science","Participation in stewardship events, Participation in Citizen Science, Number of visitors to parks over time",This festival brings together numerous organizations from the surrounding watershed to educate and entertain thousands of park visitors about marine science. ,None,HRPK's Pier 84. Previously at Pier 26. ,2012-present,Once annual,will add to HRPK webpages,Carrie Roble (croble@hrpt.ny.gov)
HRPseag,Hudson River Park's River Project,SLP research -Seagull Boluses,Water Quality,"Floatable Debris, Containments of Emerging Concern",Plastic debris from seagull boluses,Dissected and analyzed the contents of seagull boluses collected over winter from the Park's floating docks. ,None,HRPK's Pier 40,2022,Collected between Jan-Feb 2022,will add to HRPK webpages,Carrie Roble (croble@hrpt.ny.gov) 
HRPtrash,Hudson River Park's River Project,Shoreline Cleanups/Marine Debris,"Water Quality, Community Engagement","Floatable Debris, Citizen Science","Debris collected on beaches, Participation in Citizen Science",To remove marine debris that washes up onto the shorelines the only soft shoreline in the park's 4 mile on the Gansevoort peninsula.,None,HRPK's Gansevoort Peninsula & Pier 76 shoreline,2015-present,"approx. Quarterly, year-round",https://hudsonriverpark.org/the-park/parks-river-project/science/current-research/marine-plastics/,Zoe Kim (zkim@hrpt.ny.gov)
HRPfish,Hudson River Park's River Project ,Fish Ecology Survey,Habitat and Ecological Health,Marine,Estuarine & Diadromous Fish Abundance,"To assess abundance and diversity of fishes in the Park's sanctuary using year-round, passive trapping, and additionally at regular catch and release fishing programs.",None,"Year-round trapping @ HRPK's Pier 25, & Pier 40; fishing programs at these sites and Pier 84 Spring-Fall",1988-present ,"Minimum weekly, year-round",https://hudsonriverpark.org/the-park/parks-river-project/science/current-research/fish-ecology-study/,Siddhartha Hayes (shayes@hrpt.ny.gov)
HRPoyst,Hudson River Park's River Project ,Pier 32 Oyster Wrap Monitoring,"Habitat and Ecological Health, Community Engagement","Marine, Citizen Science","Established Oyster Beds, Participation in Citizen Science",To determine whether the wooden pile field at Pier 32 and other similar structures are viable habitats for oyster growth and oyster recruitment. ,None,HRPK's Pier 32 Pile Field,2017-present,Monthly during June-October,https://hudsonriverpark.org/the-park/parks-river-project/science/current-research/oysters/,Carrie Roble (croble@hrpt.ny.gov)
HRPoystes,"Hudson River Park's River Project, AKRF Inc., Moffat & Nichol",Tribeca Habitat Enhancement Monitoring  - Enhancement Structure Performance,Habitat and Ecological Health,Marine,"Structure Degradation, Integrity, Drift, Sedimentation Rates","To assess integrity and sedimentation rates, as well as hydroacoustic/hydrographic surveys to determine structure drift between Pier 26 and 34.",In Development by consultants,HRPK's Tribeca Habitat Enhancement Area (Pier 26-Pier 34),2021-Present,"Hydrographic - Year 1 (2022), Hydroacoustic Years 3  5 (2024 & 2026), Sedimentation 5 years",will add to HRPK webpages ; AKRF will create report,Carrie Roble (croble@hrpt.ny.gov)
HRPoystm,"Hudson River Park's River Project, AKRF Inc., Rutgers University",Tribeca Habitat Enhancement Monitoring  - Mobile Communities,Habitat and Ecological Health,Marine,Benthic Index of Biotic Integrity,To determine the effect of structures between Pier 26 and 34 on nekton communities 5 trap lines of 8 traps each are deployed July-September and checked weekly for fishes and large crustaceans. ,In Development by consultants,HRPK's Tribeca Habitat Enhancement Area (Pier 26-Pier 34),2021-Present,Weekly July-September for 5 years,will add to HRPK webpages ; AKRF will create report,Carrie Roble (croble@hrpt.ny.gov)
HRPcwqtp,"Hudson River Park's River Project, Billion Oyster Project",Community Water Quality Monitoring Program (CWQTP),Water Quality,Pathogens,Enterococcus,"To alert the presence of fecal contaminants that limit the number of days for swimming, as well as correlating contamination to CSO events. ",None,"HRPK's Piers 26, 40, 66, 84, 96, Riverside Park, Hoboken, etc.",2011-present,Weekly May-Sept,BOP curates whole program data; Park-specific reports on website: https://hudsonriverpark.org/the-park/parks-river-project/science/current-research/enterococcus-monitoring/,Siddhartha Hayes (shayes@hrpt.ny.gov)
HRPeDNA,"Hudson River Park's River Project, Cold Spring Harbor Lab (CSHL)",eDNA,Habitat and Ecological Health,Marine,eDNA,Tracks presence of river wildlife by analyzing water samples for DNA of vertebrates via metabarcoding.,In Development w/ CSHL ,HRPK's Pier 25 and Pier 84,2018-2021,Twice a month year round,https://dnabarcoding101.org/hudson-river-park/,Carrie Roble (croble@hrpt.ny.gov)
HRPoystre,"Hudson River Park's River Project, Cornell University, Billion Oyster Project, The Nature Conservancy",Oyster Recruitment,Habitat and Ecological Health,Marine,"Established Oyster Beds, Spat abundance, Spat Size",To observe spat settlement distribution through the deployment of shell bags at various locations. Samples may be taken for genetic analysis to determine broodstock origin.,TBD,"HRPK's Pier 26, Pier 40 40, Little Island, Chelsea Piers, Pier 84, Pier 96",2018-Present ,"Monthly collection /deployment for 2-3 months in summer at 26 & 40, annual count of bags around Pier 57 and Intrepid baffles",will add to HRPK webpages ; Hare will create report,Siddhartha Hayes (shayes@hrpt.ny.gov)
HRPmuss,"Hudson River Park's River Project, CUNY",Presence of Common CSO Heavy Metals on the Composition of Blue Mussel Shell,Port and Maritime,Toxics,"Metals in sediments (Hg, Cr, Cd, Pb)",To collect and analyze sediment grabs at 25m increments down Pier 40 and Pier 34 for heavy metal composition.,Used City College and LDOE's ,HRPK's Pier 34 and Pier 40 ,Summer 2018-2019,July and August 2018/2019 ,will add to HRPK webpages,Carrie Roble (croble@hrpt.ny.gov) 
HRPmicro,"Hudson River Park's River Project, CUNY Brooklyn College ",Microplastics Surface Trawl,Water Quality,"Dissolved Oxygen, In Situ Parameters, Contaminants of Emerging Concern","Microplastics, Conductivity, Water Temperature, Dissolved Oxygen","To count and categorize microplastics from multiple locations to find what kinds of plastics are in the river, whether the quantity of plastics is changing over time, and whether there is any correlation between CSO/rain events and microplastic concentration. ",Follow NOAA QAPP,"Four total sites: Nearshore and channel site in downtown location (approx. P40 to Battery), nearshore and channel location in midtown approximately (Pier 76 to Pier 59) ",2016-2019,Monthly during June-October,https://hudsonriverpark.org/the-park/parks-river-project/science/current-research/microplastics/,"Carrie Roble (croble@hrpt.ny.gov), Brett Branco (bbranco@brooklyn.cuny.edu)"
HRPpath,"Hudson River Park's River Project, EPA, IEC",Pathogen Sampling,Water Quality,Pathogens,Enterococcus,This high density collection of water samples at both near shore and channel locations along the entire water column using both IDEXX and membrane filtration. ,Yes @ IEC ,12 total collection sites between HRPK's Pier 40 and the Battery. ,2018,August 20th 2018 and October 9th 2018 ,will add to HRPK webpages,Carrie Roble (croble@hrpt.ny.gov)
HRPoysth,"Hudson River Park's River Project, Hudson River Foundation, AKRF Inc., Billion Oyster Project, Stony Brook",Tribeca Habitat Enhancement Monitoring  - Oyster Heath & Performance,Habitat and Ecological Health,Marine,"Established Oyster Bed, Oyster Length, Recruitment, Gonad & Tissue Condition","Oyster growth, mortality, gonad & tissue condition will be assessed on 1/10 structures over 5 years to determine efficacy of various structures between Pier 26 and 34. ",In Development by consultants,HRPK's Tribeca Habitat Enhancement Area (Pier 26-Pier 34),2021-present,"Biannually June & September for 5 years, Gonad & Tissue condition starting year 3 (2024)",will add to HRPK webpages ; AKRF will create report,Carrie Roble (croble@hrpt.ny.gov)
HRPoystb,"Hudson River Park's River Project, Hudson River Foundation, AKRF Inc., NJCU",Tribeca Habitat Enhancement Monitoring  - Benthic & Epibenthic Communities,Habitat and Ecological Health,Marine,Benthic Index of Biotic Integrity,"Benthic species, epibenthic species, sediment type will be analyzed at 120 points in the enhancement area to determine effect of structures on richness and abundance between Pier 26 and 34.",In Development by consultants,HRPK's Tribeca Habitat Enhancement Area (Pier 26-Pier 34),2021-present,"Annually in August, years 3 & 5 (2024 & 2026)",will add to HRPK webpages ; AKRF will create report,Carrie Roble (croble@hrpt.ny.gov)
HRPpathIEC,"Hudson River Park's River Project, IEC",Pathogen Sampling,Water Quality, Pathogens,Enterococcus,Additional samples taken during regular CWQT sampling are sent to IEC for membrane filtration in order to assess comparability with IDEXX protocols.,Yes @ IEC ,HRPK's Pier 40 & Pier 26,2022,Weekly May-Sept,TBD,Siddhartha Hayes (shayes@hrpt.ny.gov)
HPReDNAp,"Hudson River Park's River Project, NYSDEC, CURB, LDEO",Lower Hudson River Estuary eDNA Partnership,Habitat and Ecological Health,Marine,eDNA,This project tracks presence and migration of river wildlife by analyzing water samples for DNA of vertebrates using gel electrophoresis.,In Development ,"HRPK's Pier 40, Piermont, Yonkers, Norrie Point",2021-present,once a month May-Sept,will add to HRPK webpages winter 2022,Siddhartha Hayes (shayes@hrpt.ny.gov)
IECcivic,IEC,Coordinated Volunteer Pathogen Monitoring Program,Water Quality,"Dissolved Oxygen, Pathogens, In Situ Parameters","Fecal Coliform, Enterococcus, Dissolved Oxygen, Water Temperature, pH, Salinity",Near-shore pathogen monitoring in under-monitored areas.,Y 2017,"10 sites in 2017; Staten Island, Liberty State Park",2017-present,5x per month,http://www.epa.gov/storet/,Jessica Bonamusa jbonamusa@iec-nynjct.org
IECpassaic,IEC,Passaic & Second River,Water Quality,"Pathogens, In Situ Parameters","Fecal Coliform, Enterococcus, E. Coli, MST (HFM183, HumM2), Turbidity",Pathogen track down,Y 2017,Up to 39 stations; Passaic and Second River,August-October 2016,"5X per month, August-October 2016. Targeted sampling in 2017",http://www.epa.gov/storet/,Evelyn Powers epowers@iec-nynjct.org
STRM,Lower Raritan Watershed Partnership,Streamkeepers Water Quality Monitoring,"Water Quality, Habitat and Ecological Health","In Situ Parameters, Marine","Water Temperature, Stream Depth, Stream Width, Water Flow, Benthic Index of Biotic Integrity, Presence of debris, erosion and invasive species","To gather and report data, evaluate the health of area streams, and measure the impact of stream restoration projects and stormwater management.",NJDEP Ambient Biomonitoring Network (AMNET),Lower Raritan Watershed (33 locations),2014-present,"2x annually, Spring and Fall",,"Heather Fenyk, Ph.D., AICP/PP, 908.349.0281, hfenyk@lowerraritanwatershed.org 
"
LRWP,"Lower Raritan Watershed Partnership, Rutgers Cooperative Extension, IEC, EPA",Pathogens,Water Quality,Pathogens,"Fecal Coliform, Enterococcus",To monitor non-bathing beach sites with active kayak/canoe launches and/or fishing and other primary contact activities that lack sufficient water quality data.,IEC's Volunteer Monitoring Program QAPP,6 sites - Riverside Park (Piscataway); Rutgers Boathouse at Boyd Park (New Brunswick); Edison Basin Boat Launch; (Edison Township); Ken Buchanan Riverfront Park (Sayreville); Raritan Bay Waterfront Park (South Amboy); 2nd Street / Brighton Avenue Beach (Perth Amboy),2019-present,"1x per week, May-October","STORET/WQX Portal and
https://hydro.rutgers.edu/","Heather Fenyk, Ph.D., AICP/PP, 908.349.0281, hfenyk@lowerraritanwatershed.org 
"
MCHDawq,Monmouth County Department of Health,Ambient Surface Water Quality Monitoring Program,Water Quality,"Dissolved Oxygen, Pathogens, Nutrients, In Situ Parameters","Dissolved Oxygen, E. coli, Ammonia, Phosphorous, Nitrogen, Nitrate, Water Temperature, pH, Turbidity, Conductance","To support NJDEP and local watershed initiatives, track water quality trends through time, establish background water quality, obtain water quality data which can be correlated with specific land uses, provide data to NJDEP in support of the Integrated List.",Y - http://co.monmouth.nj.us/documents/121/2017_2018_Ambient_QAPP.pdf,"Varies (Deal Lake, Wesly-Fletcher-Sylvan, and Whale Pond Brook); 10 select coastal lake locations in 2017",1987-present,"4 times per year or  8 times per year (Feb-March, May-June, Aug-Sept, Nov-Dec).",https://mcapps.co.monmouth.nj.us/Web/HealthDept/Ambients.asp and https://co.monmouth.nj.us/page.aspx?ID=2343,"David Sorensen, 732-431-7456, david.sorensen@co.monmouth.nj.us"
MCHDccm,Monmouth County Department of Health,Cooperative Coastal Monitoring Program,Water Quality,Pathogens,Enterococcus,,Y - http://co.monmouth.nj.us/documents/121/2017_2018_Ambient_QAPP.pdf,"Varies, 48-55 stations",2004-present,Weekly during season; Monthly off-season,https://www.njbeaches.org/,"David Sorensen, 732-431-7456, david.sorensen@co.monmouth.nj.us"
MRRIc,MRRI,Continuous Water Quality Monitoring,Water Quality,"Dissolved Oxygen, In Situ Parameters","Dissolved Oxygen, Water Elevation, pH, Specific Conductance, Turbidity, Salinity, Water Temperature",Continuously monitor and detect any adverse effects of the surrounding District landfills and land uses on water quality on real-time.,"At MERI lab, results are inspected for suspicious values and are updated on the Internet in ?near real time?","Lower Hackensack: Barge Marina, Kearny Point",,Continuous,https://meri.njmeadowlands.gov/projects/continuous-water-monitoring-stations/,"Francisco Artigas, 201-460-2801, FArtigas@njsea.com; Cheryl Yao, Cyao@njsea.com; Joseph Grzyb, jgrzyb@njsea.com"
MRRIr,MRRI,Real-time Tide Gate Monitoring Sites,Water Quality,In Situ Parameters,Depth NAVD88 measurements,Instrument key tide gates in the District so that water levels on the downstream and upstream sides are reported.,,8 key tide gates out of a network of 42 existing tide gates in the NJMC district. ,2017-present,Continuous,https://meri.njmeadowlands.gov/events/tide-gate-sensors-2019/,"Francisco Artigas, 201-460-2801, FArtigas@njsea.com; Cheryl Yao, Cyao@njsea.com; Joseph Grzyb, jgrzyb@njsea.com"
MRRIs,MRRI,Seasonal Water Quality Monitoring,"Water Quality, Port and Maritime","Pathogens, Nutrients, In Situ Parameters, Toxics","Ammonia, 5-day Biochemical Oxygen Demand, Chemical Oxygen Demand, Hardness, Total Dissolved Solids, Total Suspended Solids, Turbidity, Fecal Coliform, Chloride, Bromide, Nitrate, Nitrite, Sulfate, Phosphate, Sodium, Potassium, Calcium, Magnesium, Copper, Iron,  Zinc, Manganese, Nickel, Metals in sediments (Hg, Cr, Cd, Pb)",A general assessment of overall water quality in the Meadowlands.,Yes,"Hackensack River, Penhorn Creek, Mill Creek, Kearny Marsh, Overpeck Creek, Cromakill Creek, Berrys Creek Canal ( 14 stations)",1993-present,4 times annually,(1) http://meri.njmeadowlands.gov/ (2) Historical Data Download - http://data.vistadatavision.com/vdv.php/historical,"Francisco Artigas, 201-460-2801, FArtigas@njsea.com; Cheryl Yao, Cyao@njsea.com"
NPSgate,National Park Service,Ambient Water Quality Monitoring at Gateway National Recreation Area,Water Quality,Pathogens,Enterococcus,"To form a database for the management of park waters for public health and ecological quality. 
",varies,"Jamaica Bay, Staten Island, Sandy Hook",1977-2003,Varies,https://irma.nps.gov/DataStore/Reference/Profile/617517 and park annual reports,Dean Tucker 973-225-3516 dean_tucker@nps.gov
NPSncbn,National Park Service,Northeast Coastal and Barrier Network (NCBN) - Estuarine Nutrient Enrichment Monitoring,"Water Quality, Habitat and Ecological Health","Dissolved Oxygen, Nutrients, In Situ Parameters, Shorelines and Shallows","Dissolved Oxygen, Turbidity, Attenuation of Photosynthetically Active Radiation, Water Temperature, Salinity, Chlorophyll-a, Carbon, Submerged Aquatic Vegetation, Seagrass Condition",To determine nutrient loads to park estuaries are increasing over time and assess how estuarine natural resources are affected by changing nutrient inputs. ,Yes - https://irma.nps.gov/DataStore/Reference/Profile/2218714,"Gateway National Recreation Area, Fire Island National Seashore, and other NPS units",2003-present,Varies,https://science.nature.nps.gov/im/units/ncbn/monitor/estuaries.cfm,Sara Stevens 401-874-4548 sara_stevens@nps.gov
NCbopRept,Nature Conservancy & Billion Oyster Project,New York City Oyster Monitoring Report: 2016-2017,Water Quality,"Dissolved Oxygen, In Situ Parameters","Water Temperature, Dissolved Oxygen, Salinity",Determine water quality in proximity to oyster restoration sites.,,"Brooklyn Bridge Park, Brooklyn Navy Yard, Bush Terminal Park, Governors Island Ecodock, Great Kills Harbor, Lemon Creek Lagoon, Lemon Creek Nursery","2016, 2017",Continuous logging for a few months but not all sites have overlapping logging periods,https://static1.squarespace.com/static/5c5604249b8fe80245a0d052/t/620328c9a54a7e0971d04c11/1644374219578/TNC_BOP_Oyster_Monitoring_Report_2016-2017.pdf,"Mike McCann, The Nature Conservancy,  (845) 546-8264, michael.mccann@tnc.org
OR mccannecology.weebly.com "
NCbopRept,Nature Conservancy & Billion Oyster Project,New York City Oyster Monitoring Report: 2018 ,"Water Quality, Habitat and Ecological Health","Dissolved Oxygen, In Situ Parameters, Marine","Established Oyster Beds, Water Temperature, Dissolved Oxygen, Salinity, pH, Conductivity, Turbidity, Total Dissolved Solids","Monitoring at nursery and reef sites for oyster growth and mortality, and factors that affect oyster performance.",,"Brooklyn Navy Yard, Paerdegat Basin, Coney Island Creek, Governors Island Ecodock, Great Kills Harbor, Lemon Creek Nursery, Lemon Creek Lagoon, Bush Terminal Park",2018,All sites were sampled twice a year for growth; three times a year for water quality,https://static1.squarespace.com/static/5c5604249b8fe80245a0d052/t/5e5ef8039979957341a23e20/1583282210112/TNC_BOP_NYC_2018_Oyster_Monitoring.pdf,"Mike McCann, The Nature Conservancy,  (845) 546-8264, michael.mccann@tnc.org
OR mccannecology.weebly.com "
NCbopRept,Nature Conservancy & Billion Oyster Project,New York City Oyster Monitoring Report: 2018 ,Water Quality,"Dissolved Oxygen, In Situ Parameters","Water Temperature, Dissolved Oxygen, Salinity",Determine water quality in proximity to oyster restoration sites.,,"Brooklyn Navy Yard, Paerdegat Basin, Coney Island Creek, Governors Island Ecodock, Great Kills Harbor, Lemon Creek Nursery, Lemon Creek Lagoon, Bush Terminal Park",2018,Continuous logging from mid June to November,https://static1.squarespace.com/static/5c5604249b8fe80245a0d052/t/5e5ef8039979957341a23e20/1583282210112/TNC_BOP_NYC_2018_Oyster_Monitoring.pdf,"Mike McCann, The Nature Conservancy,  (845) 546-8264, michael.mccann@tnc.org
OR mccannecology.weebly.com "
NCbopRept,"Nature Conservancy, Billion Oyster Project",New York City Oyster Monitoring Report: 2016-2017 ,"Water Quality, Habitat and Ecological Health","Dissolved Oxygen, In Situ Parameters, Marine","Established Oyster Beds, Water Temperature, Dissolved Oxygen, Salinity, pH, Conductivity, Turbidity, Total Dissolved Solids","Monitoring at nursery and reef sites for oyster growth and mortality, and factors that affect oyster performance.",,"Brooklyn Bridge Park, Brooklyn Navy Yard, Bush Terminal Park, Governors Island Ecodock, Great Kills Harbor, Lemon Creek Lagoon, Lemon Creek Nursery","2016, 2017",All sites were sampled at least twice a year for oyster growth; water samples were completed three times per year at all sites except Lemon Creek Lagoon,https://static1.squarespace.com/static/5c5604249b8fe80245a0d052/t/620328c9a54a7e0971d04c11/1644374219578/TNC_BOP_Oyster_Monitoring_Report_2016-2017.pdf,"Mike McCann, The Nature Conservancy,  (845) 546-8264, michael.mccann@tnc.org
OR mccannecology.weebly.com "
HEPtrash,"New York-New Jersey Harbor & Estuary Program, Montclair State University",Stopping Trash Where it Starts ,Water Quality,Floatable Debris,Debris collected on beaches,"To collect data on the types, sources, and conditions that lead to marine debris focusing on the right-of-way. ","QAPP 2017, 2018, 2019, 2022","Passaic River, Hackensack River, Bronx River, Harlem River, and Hudson River",2017-2023,2x per site,https://www.hudsonriver.org/article/stopping-trash-where-it-starts,"Rosana Pedra Nobre, (212) 483-7667, rosana@hudsonriver.org"
HEPbotlau,"New York-New Jersey Harbor & Estuary Program, Waterfront Alliance",On-Water Programs Survey,Public Access and Stewardship,Stewardship and Use,On-Water Programs (# of visitors to boathouse overtime),"Survey of boathouses providing on-water activities in the Harbor Estuary where organizations reported on types of programs they provide, fees, and number of participants over time.",,Harbor Estuary,2010-2017,1 time,,"Elizabeth Balladares, (212) 483-7667, eballadares@hudsonriver.org"
NCA,Newtown Creek Alliance,Water Quality Monitoring,Water Quality,"Dissolved Oxygen, Nutrients, In Situ Parameters","Dissolved Oxygen, Salinity, Water Temperature, Phosphate","in conjunction with the Environmental Science department at LaGuardia Community College, we track parameters like bacteria and oxygen levels at various Creek locations, while also analyzing factors like rainfall and temperature to understand where water quality varies and why",,"Newtown Creek, 7 sites",2016-present,4 to 8 times per month for 26 weeks/year,http://www.newtowncreekalliance.org/water-quality-sampling/,"Willis Elkins, welkins@newtowncreekalliance.org"
AMNET,NJDEP,Ambient Macroinvertebrate Network,Habitat and Ecological Health,Marine,Benthic Index of Biotic Integrity,Rate the stream health based on the composition of the macroinvertebrate community.,Yes - https://www.state.nj.us/dep/wms/bfbm/QAPPs/AMNET-LDL2016-17.pdf,New Jersey - 20 stations,1992-2010,each of the State's five major Water Regions is sampled every 5 years,http://www.state.nj.us/dep/wms/bfbm/amnet.html,"Bureau of Quality Assurance and Environmental Monitoring, Manager: Michele Potter, 609-633-3840"
ECM,NJDEP,Environmental Coastal Monitoring,Water Quality,Pathogens,Enterococcus,To assess water quality at various locations where primary recreation is occurring outside regulated Public Recreational Bathing Beaches.,,11 sites: Middlesex and Monmouth Counties,2020-present,"1x per week, May-September",https://njdep.rutgers.edu/environmental_stations/#data,"Sheri Shifren, Water Monitoring & Standards, Sheri.Shifren@dep.nj.gov"
NJCCM,NJDEP,New Jersey Cooperative Coastal Monitoring Program,Water Quality,Pathogens,Enterococcus,To evaluate nearshore coastal water quality and inform coastal zone management strategies and real-time response to public health concerns.,"QAPP 2013, 2014, 2015, 2017, 2018","Number of stations varies: Monmouth/Ocean Counties river, bay and ocean (core area  - Middletown and Highlands)",1985-present (mid-May to mid-September),Weekly during bathing season,https://www.njbeaches.org/#reports,"Sheri Shifren, Water Monitoring & Standards, Sheri.Shifren@dep.nj.gov"
NJDEPnut,NJDEP,Coastal Water Quality Network,Water Quality,Nutrients,Nutrients,To provide water quality information for assessing the ecological health of New Jersey's coastal waters. ,QAPP 2017 http://www.nj.gov/dep/bmw/docs/Nutrient%20QAPP.pdf,Raritan/Sandy Hook Bays,1989-present,5-10 times/year/site,http://www.nj.gov/dep/bmw/coastalwaterquality.htm,"Robert Schuster, NJDEP,
Robert.Schuster@dep.nj.gov"
NJDEPrealt,NJDEP,Real-time Continuous Water Quality Monitoring,Water Quality,"Dissolved Oxygen, In Situ Parameters","Conductivity, Water Temperature, Depth, Dissolved Oxygen, Salinity, Chlorophyll-a, Turbidity, Pressure, pH, Current Velocity, Specific Conductance",NJDEP deploys two real-time continuous water quality monitoring buoy's in the NY/NJ Harbor.,,Keyport Harbor and Keansburg,2017-present (Annually deployed June-November),15 minute intervals,http://njdep.rutgers.edu/continuous/,"Robert Schuster, NJDEP, Robert.Schuster@dep.nj.gov"
NJDEPibi,NJDEP Bureau of Freshwater and Biological Monitoring,Fish Index of Biotic Integrity,Habitat and Ecological Health,Riparian,Stream Health Bioassessment,Measures the health of a stream based on multiple attributes of the resident fish assemblage.,,New Jersey,2000-present,Every 5 years,https://www.state.nj.us/dep/wms/bfbm/ibipagemain.htm OR https://www.waterqualitydata.us/),"Leigh Lager, Leigh.Lager@dep.nj.gov"
NJDEPshell,NJDEP Bureau of Marine Water Monitoring,Shellfish Monitoring & Standards,Water Quality,"Dissolved Oxygen, Pathogens, Nutrients, In Situ Parameters","Water Temperature, Fecal Coliform, Total Coliforms, Dissolved Oxygen, Nutrients, Biotoxins ",To determine whether and how the harvest of shellfish from waters must be restricted in order to protect the public from health risks associated with the consumption of shellfish.,QAPP,# of station varies: Raritan/Sandy Hook Bays; Navesink River Seasonal; Shrewsbury River ,1912-present,Reactive Routine sampling conducted 10 times per year,https://www.nj.gov/dep/bmw/nssphome.html,"Robert Schuster, NJDEP, Robert.Schuster@dep.nj.gov"
NJHDGamb,NJHDG,New Jersey Harbor Dischargers Group,Water Quality,"Dissolved Oxygen, Pathogens, Nutrients, In Situ Parameters","Dissolved Oxygen, Water Temperature, pH, Salinity, Transparency (Secchi), Fecal Coliform, Enterococcus, E. coli, Total Suspended Solids, Ammonia, Total Kjedahl Nitrogen, Nitrate, Nitrite, Total Phosphorus, Orthophosphosphate, Dissolved Organic Carbon, Chlorophyll-a",To develop a comprehensive database on the existing water quality of the NY/NJ Harbor by routinely and extensively monitoring the waters.,"Y 2015 with addenda for 2016, 2017 and 2018.","34 stations total: Hackensack River, Newark bay, Passaic river (both saline & FW), Elizabeth R, Raritan R and Bay, Hudson R, Arthur Kill",2004-present,"Monthly from Oct-April, bi-weekly May-June, weekly July-Sept.",http://www.nj.gov/pvsc/what/njhdg/,"Greg Alber, GAlber@pvsc.com"
NOAAben,NOAA,Benthic Surveillance,Port and Maritime,Toxics,"Metals in Sediment (Hg, Cr, Cd, Pb), PCBs",To determine the current status of and to detect any long-term trends in the environmental quality of U.S. nearshore waters.,,Long Island Sound and Raritan Bay: 13 stations,1984-1993,,https://products.coastalscience.noaa.gov/collections/ltmonitoring/nsandt/data2.aspx,NCCOS.data@noaa.gov
NOAAbio,NOAA,Magnitude and Extent of Sediment Toxicity in the Hudson-Raritan Estuary - Bioeffects Assessments,Port and Maritime,Toxics,"Metals in Sediment (Hg, Cr, Cd, Pb), PCBs",(1) Determine the presence and severity of toxic responses; (2) Estimate the spatial extent of toxicity; (3) Identify spatial patterns of toxicity in each system; (4) Characterize the relationships between toxicity and the concentrations of potential toxicants in the sediments. ,Yes,Hudson-Raritan Estuary: 117 stations,1991,,https://products.coastalscience.noaa.gov/collections/ltmonitoring/nsandt/data2.aspx,"Greg Piniak, greg.piniak@noaa.gov"
NOAAmussel,NOAA,Mussel Watch,Port and Maritime,Toxics,"PCBs, PAHs in Sediment",To evaluate the chemical and microbial contamination status of the estuaries and coasts of the US.,,"Battery Park, Brown Island, Fort Wadsworth, Jamaica Bay, Liberty Island, Lower Bay, Raritan Bay, Sandy Hook, and Upper Bay",1985-2011,1-5 samples every 2 years,https://products.coastalscience.noaa.gov/collections/ltmonitoring/nsandt/data2.aspx,"Greg Piniak, greg.piniak@noaa.gov"
BayEarl,NY/NJ Baykeeper,Hudson-Raritan Estuary Oyster Reintroduction,Habitat and Ecological Health,Marine,Established Oyster Beds,Restoration of bivalves and subtidal habitat and Eco volunteer Program.,,"Soundview Park, Bronx River",2009-present,,,"Meredith Comi, meredith@nynjbaykeeper.org"
BayPlast,NY/NJ Baykeeper,NY-NJ Harbor Estuary Plastic Collection Report ,Water Quality,Contaminants of Emerging Concern,Microplastics,"Assess the sizes, types, and concentrations of plastics in NY-NJ Harbor Estuary waters.",,18 sites in NY/NJ harbor,2015 (March-August),18 samples collected for one time study,http://nynjbaykeeper.org/plastics-report/,"Meredith Comi, meredith@nynjbaykeeper.org"
BayShore,NY/NJ Baykeeper,Citizen Science Monitoring for Pathogen Indicators Along the NJ Raritan Bayshore.,Water Quality,"Dissolved Oxygen, Pathogens, In Situ Parameters","Water Temperature, Salinity, Dissolved Oxygen, pH, Enterococcus",Participate in a citizen science monitoring project to collect data and information on water quality for beaches along the Raritan Bayshore that are considered non-bathing beaches.,Citizen Science QAPP April 2016,"Raritan Bay, 9 sites",2016 (June-October),5x per month for on time study,STORET,"Meredith Comi, meredith@nynjbaykeeper.org"
BayTribs,NY/NJ Baykeeper,Citizen Science Monitoring for Pathogen Indicators NY/NJ Tributaries ,Water Quality,"Dissolved Oxygen, Pathogens, In Situ Parameters","Water Temperature, Salinity, Dissolved Oxygen, pH, Enterococcus",Participate in a citizen science monitoring project to collect data and information on water quality for sites along Matawan Creek and South River. ,Citizen Science QAPP April 2013,"South River, 4 sites; Matawan Creek, 6 sites",2014 (June-August),5x per month for on time study,STORET,"Meredith Comi, meredith@nynjbaykeeper.org"
BayCues,NY/NJ Baykeeper and Rutgers CUES,Hudson-Raritan Estuary Oyster Reintroduction,Habitat and Ecological Health,Marine,Established Oyster Beds,Restoration of bivalves and subtidal habitat ,,Oyster reefs at Naval Weapons Station Earle (NWSE) ,2006-present,, http://nynjbaykeeper.org/resources-programs/restoration/ OR https://cues.rutgers.edu/oyster-restoration/,"Meredith Comi, meredith@nynjbaykeeper.org "
NYCaudubon,NYC Audubon,Harbor Herons Project,Habitat and Ecological Health,Wetlands,Nesting pairs of Harbor Herons,"Survey of long-legged wading bird, cormorant, and gull nesting activity observed on selected harbor islands, as well as aids to navigation and selected mainland sites.",yes,"20 islands and ""selected mainland sites"" -  Davids? Island in the Hutchinson River/Long Island Sound area; Isle of Meadows and Prall?s and Shooters Islands in the Arthur Kill and Kill Van Kull; and Canarsie Poll and Ruffle Bar in Jamaica Bay.",1982-present,Annually between May-July with variations,http://www.nycaudubon.org/issues-of-concern/harbor-herons,"Dustin Partridge
Dpartridge@nycaudubon.org"
NYCDEPbeac,NYC Department of Health and Mental Hygiene,NYC Beach Surveillance and Monitoring Program,Water Quality,Pathogens,Enterococcus,To conduct routine water quality monitoring and inspections of beach facilities. ,,"25 beaches (8 public, 17 private); Lower NY Harbor, Eastchester Bay, Western LIS, Atlantic Ocean, and the Lower NY Bay",2009-present (April - September),Weekly/bi-weekly,(1) http://www1.nyc.gov/site/doh/health/health-topics/beach-class.page#report (2) http://maps.nyc.gov/beach/,"Jessica Bonamusa, jbonamusa@health.nyc.gov"
NYCcoastal,NYC Parks,Coastal Shoreline Monitoring and Mapping,Habitat and Ecological Health,Shorelines and Shallows,Percent & Distribution of Natural Shorelines/Natural and Engineered Shorelines,NYCcoastal,,"6 sites - Coney Island Beach & Boardwalk, Conference House Park, Crescent Beach Park, New Dorp Park, Rockaway Beach, South Beach Wetlands",2015-present,Annually,,Jamie Ong
NYCfish,NYC Parks,Post fish stocking monitoring,Habitat and Ecological Health,Marine,Estuarine & Diadromous Fish Abundance,Survival rate of fish stocking in Bronx River,,Bronx Park,2017-2020,Daily,,Kristin Hudgins
NYCDEPhw,NYCDEP,New York Harbor-wide Survey Program,Water Quality,"Dissolved Oxygen, Pathogens, Nutrients, In Situ Parameters","Dissolved Oxygen, Fecal Coliform, Enterococcus, Transparency (secchi), Water Temperature, Nutrients, Salinity, Chlorophyll-a",Sampling ambient waterbody stations to assess overall water quality.,,"70 permanent stations, but additional stations may have been sampled depending on the year; all NYC waterways & tributaries",1909-present (varies per indicator),Sampling occurs year round. Weekly from June - September; monthly from October - May. ,http://www.nyc.gov/html/dep/html/harborwater/harbor_water_sampling_results.shtml,"Beau Ranheim, branheim@dep.nyc.gov, 718-610-1828"
NYCDEPcont,NYCDEP Marine Science Section,Continuous Monitoring Program,Water Quality,"Dissolved Oxygen, In Situ Parameters","Conductivity, Water Temperature, Pressure, Dissolved Oxygen, pH, Chlorophyll-a, Turbidity",,,Estuary - 4 sites,2013-2022,Continuous,Must email Beau for access to data,"Beau Ranheim, branheim@dep.nyc.gov, 718-610-1828"
NYCWTA,NYCWTA,Citizen's Water Quality Testing Program ,Water Quality,Pathogens,Enterococcus,"To create a baseline of data that, when correlated with rain and tide information, can help better inform boaters and other recreational users of the harbor of likely water quality at their preferred access points and launch sites.",No,Variable depending on the year. 62 sites in 2017 across all NYC boros + a few NJ sites,2011-present,Weekly (May-September),http://www.nycwatertrail.org/water_quality.html,"Rob Buchanan, avironvoile@gmail.com"
DECanafish,NYSDEC,Anadromous fish surveys,"Habitat and Ecological Health, Climate Change",Marine,"Estuarine & Diadromous Fish Abundance, Resetting Natural Clocks",Managing diadromous fishes,No,Hudson River from the George Washington Bridge in New York City to the Federal Dam located in Troyÿ,1983-present,Bi-weekly end of June - early November,https://www.dec.ny.gov/animals/6945.html,"HudsonRiverFish@dec.ny.gov
Rich Pendleton, Chris Bowser"
DECrapid,NYSDEC,Rapid Biological Assessment Surveys (RAS) Intensive Monitoring,Habitat and Ecological Health,Marine,Benthic Index of Biotic Integrity,To make water quality assessments for an entire or specific portion of a waterbody and to provide background data on water quality. ,QAPP,"Varies, but usually focused at the sub-watershed level",,2-3 RAS studies per year typical,,"Alexander Smith, DOWinformation@dec.ny.gov"
DECribs,NYSDEC,Rotating Integrated Basin Studies (RIBS) Screening,Habitat and Ecological Health,Marine,Benthic Index of Biotic Integrity,"To assess water quality of all waters of the state, including the documentation of good quality waters and the identification of water quality problems; identify long-term water quality trends; characterize naturally occurring or background conditions; and establish baseline conditions for use in measuring the effectiveness of site-specific restoration and protection activities. ",QAPP,Varies,"2017, 2018, 2022, 2023 (https://www.dec.ny.gov/chemical/29576.html)","Each basin every five years, 3-4 basin per year",,"Alexander Smith, DOWinformation@dec.ny.gov"
DECribs,NYSDEC,Rotating Integrated Basin Studies (RIBS) Routine ,"Water Quality, Port and Maritime","Nutrients, In Situ Parameters, Toxics","Water Temperature, Nutrients, Total Suspended Solids, Metals in sediment (Hg, Cr, Cd, Pb), Total Organic Carbon, Dissolved Organic Carbon, Phenolic Compounds, Total Phenolics","To allow for the determination of the overall quality of waters, trends in water quality, and identification of water quality problems and issues.",QAPP,Network of 40 sites,"2017, 2018, 2022, 2023 (https://www.dec.ny.gov/chemical/29576.html)", Each routine site is sampled 4 times per year. ,,"Alexander Smith, DOWinformation@dec.ny.gov"
DECstream,NYSDEC,Rotating Intergrading Basin Studies ,Habitat and Ecological Health,Riparian,Stream Health Bioassessment,Assessment of stream health,Yes ,each major watershed in NY state,1972 - present,"Every 5 years, varies",https://nysdec.maps.arcgis.com/apps/webappviewer/index.html?id=692b72ae03f14508a0de97488e142ae1,"Brian Duffy, DOWinformation@dec.ny.gov OR Alene Onion, wave@dec.ny.gov"
HRECOS,NYSDEC,Hudson River Environmental Conditions Observing System,Water Quality,"Dissolved Oxygen, In Situ Parameters","Dissolved Oxygen, Salinity, Water Temperature, Depth, Turbidity, pH, Specific Conductance","To improve the capacity of regional river and estuary stakeholders to: understand the ecosystem and manage water resources, provide baseline monitoring data necessary for applied research and modeling, support the use of real-time data in educational settings, provide policy makers and emergency managers with data products to guide decision making, and provide information for safe and efficient commercial use and recreational activities.",QAPP 2013 - www.hrecos.org,"Hudson River, Mohawk River, Newark Bay", 2008-present,Continuous (every 15 minutes); some stations are seasonal,"https://ny.water.usgs.gov/maps/hrecos/, http://cdmo.baruch.sc.edu/dges/","Ann Olsson, ann.olsson@dec.ny.gov"
DECLCI,NYSDEC ,Lake Classification Inventory (LCI): Screening and Intensive Monitoring of Ponded Waters,Water Quality,"Dissolved Oxygen, Nutrients, In Situ Parameters","Water Temperature, Dissolved Oxygen, pH, Conductivity, ORP, Water Clarity, Ammonia, Total Nitrogen, Nitrate, Nitrite, Total Phosphorus, Dissolved Phosphorus, Arsenic, Calcium, Chloride, Copper, Iron, Magnesium, Manganese, Potassium, Sodium, Sulfate, Chlorophyll-a, UV-254, True Color, Total Alkalinity, Total Organic Carbon, Dissolved Organic Carbon",To support various water quality management functions and update the Division of Water's Waterbody Inventory/Priority Waterbody List.,QAPP,Varies,,3-4 screening basins per year along with 3-4  intensive basins per year,https://nysdec.maps.arcgis.com/apps/webappviewer/index.html?id=692b72ae03f14508a0de97488e142ae1,"Scott Kishbaugh, DOWinformation@dec.ny.gov

Thomas Niekrewicz"
DECcontam,NYSDEC Bureau of Ecosystem Health ,Contaminant Monitoring Program,Port and Maritime,Toxics,"PCBs, Metals in sediment (Hg, Cr, Cd, Pb), Xenobiotics, Loading of contaminants","To carry out and report on biological monitoring related to contaminant track down, fish consumption advisories, contaminated site cleanup, and biotic disturbances resulting from pesticides and other chemicals and toxic substances in the aquatic environment.",,Hudson River,"2004-2009, 2010-2012, present",Varies,Data available upon request,"Wayne Richter, (518) 402-8974, wayne.richter@dec.ny.gov
Chuck Nieder, (518) 402-9216, chuck.nieder@dec.ny.gov"
DEChsc,"NYSDEC, Cornell University, NYC Audubon",NY Horseshoe Crab Spawning Survey,Habitat and Ecological Health,Shorelines and Shallows,Horseshoe Crab Abundance,To monitor Horseshoe Crab spawning areas,Yes - http://nyhorseshoecrab.org/NY_Horseshoe_Crab/Big_Egg_files/Quadrat%20Protocol.pdf,"4 locations in Jamaica Bay,2 in Coney Island area and 2 in Staten Island","2007-2018, present",Annually,,"Kim McKown, kim.mckown@dec.ny.gov"
DECrai,"NYSDEC, NY Natural Heritage Program",Statewide Riparian Opportunity Assessment,Habitat and Ecological Health,Riparian,"Riparian Area Integrity, Streamside Vegetation",To support the identification and prioritization of riparian sites for restoration or protection (riparian area assessment). This also includes Trees for Tribs Program.,,New York State,"2001, 2016-2018",,http://www.nynhp.org/treesfortribsny,"Matthew Buff, matthew.buff@dec.ny.gov; Beth Roessler"
DECwhale,"NYSDEC, NY Natural Heritage Program",New York Bight Whale Monitoring Aerial Surveys,Habitat and Ecological Health,Marine,Whale & Dolphin Abundance,"To estimate density and abundance of North Atlantic Right, Fin, Humpback, Sei, Sperm, and Blue Whales along with other marine mammals and sea turtles.",Yes- http://nynhp.org/files/whales/NY_whale_monitoring_report_30June2014.pdf,"NY Bight: 43,449 square km from South shore of Long Island to the continental shelf break",2017-2020,Monthly,https://www.dec.ny.gov/lands/113647.html,"Meghan Rickard, meghan.rickard@dec.ny.gov"
DECeel,"NYSDEC, Sarah Lawrence College",Citizen Science American Eel Surveys,"Water Quality, Habitat and Ecological Health","Dissolved Oxygen, In Situ Parameters, Marine, Riparian","Dissolved Oxygen, Turbidity, pH, Estuarine & Diadromous Fish Abundance, Tributary Habitat Connectivity",Collect glass eels using specialized nets and traps on Hudson River tributaries each spring.,Atlantic States Marine Fisheries Commission (ASMFC) Protocols,Hudson River and tributaries,2008-present,annually,https://www.centerfortheurbanriver.org/research/eels.html,"Chris Bowser, NYSDEC, christopher.bowser@dec.ny.gov, eelproject@dec.ny.gov"
HRECOS,PVSC,Hudson River Environmental Conditions Observing System,Water Quality,"Dissolved Oxygen, In Situ Parameters","Dissolved Oxygen, Water Temperature, pH, Turbidity, Conductivity, Salinity, Depth","To understand the ecosystem and manage water resources, provide baseline monitoring data necessary for applied research and modeling, support the use of real-time data in educational settings, provide policy makers and emergency managers with data products to guide decision making, and provide information for safe and efficient commercial use and recreational activities.",Y2012,Passaic River,2013-present,Continuous readings every 15 minutes.,http://www.hrecos.org/,"Greg Alber, GAlber@pvsc.com"
NJHDGamb,PVSC,Baseline Compliance Monitoring,Water Quality,"Dissolved Oxygen, Pathogens, In Situ Parameters","Fecal coliform, Enterococcus, E. coli, Water Temperature, pH, Dissolved Oxygen, Salinity, Turbidity, Transparency (secchi)",,Y 2015,NY-NJ Harbor and surrounding major tributaries; 35 sites,2016-present,Varies,,"Bridget McKenna, bmckenna@pvsc.com"
PVSCsour,PVSC,Microbial Source Tracking,Water Quality,Pathogens,"Enterococcus, E. coli, Bacterial DNA biomarkers",Source Sampling,Y 2016,"Passaic, Second & Third Rivers; 4 stations",2016-present,Bi-weekly,,"Bridget McKenna, bmckenna@pvsc.com"
PVSCcso,"PVSC, NJ CSO Group",New Jersey CSO Group (PVSCcso),Water Quality,"Dissolved Oxygen, Pathogens, In Situ Parameters","Fecal coliform, Enterococcus, E. coli, Water Temperature, pH, Dissolved Oxygen, Conductivity",To assist members with CSO compliance matters such as system characterization.,Y 2015,"NY-NJ Harbor and surrounding major tributaries; select municipal locations; 44 sites (18 sanitary, 18 CSO, 8 Stormwater)",2016-present,"Discrete samples during 3 qualifying wet weather events, 4 samples/location per event",http://www.nj.gov/pvsc/what/njcso/,"Marques Eley, meley@pvsc.com"
QCWA,Quassaick Creek Watershed Alliance,Hudson River Tributary Water Quality Monitoring ,Water Quality,Pathogens,Enterococcus,Measure fecal indicator bacteria and engage the public,Y- available on https://www.riverkeeper.org/water-quality/testing/,Quassaick Watershed - 14 stations,"2014, 2015, 2017",2 x per month from May to October,https://www.riverkeeper.org/water-quality/citizen-data/,"John Gebhards, gebhards@earthlink.net"
RHAmicro,Raritan Headwaters Association,Microplastic Pollution,Water Quality,Contaminants of Emerging Concern,Microplastics,To determine potential sources of microplastic pollution on the South Branch Raritan River.,,South Branch Raritan River; 10 sites between Clinton and Branchburg,2017,1x,https://www.raritanheadwaters.org/2018/10/01/rha-microplastic-study-on-the-south-branch-raritan-river/,"Kristi MacDonald, kmacdonald@raritanheadwaters.org, 908-234-1852, ext. 322"
RHASCSP,Raritan Headwaters Association,Raritan Headwaters Sentinel Climate Stations Project ,Water Quality,In Situ Parameters,"Water Temperature, Conductivity, Water Depth ",An innovative program focused on the impacts of climate change within our watershed?s freshwater systems.,,"Raritan River and tributaries, 5 sites",2022,15 minute intervals,https://www.raritanheadwaters.org/climate-stations/,"Emily Mayer, (908) 234-1852, ext. 322, emayer@raritanheadwaters.org"
RHAstream,Raritan Headwaters Association,Stream Monitoring Program,"Water Quality, Habitat and Ecological, Port and Maritime","Dissolved Oxygen, Pathogens, Nutrients, In Situ Parameters, Marine, Riparian, Toxics","Dissolved Oxygen, E. coli, Nitrogen, Phosphorous, pH, Water Temperature, Air Temperature, Weather Conditions, Stream Flow, Benthic Index of Biotic Integrity, Estuarine & Diadromous Fish Abundance, Stream Health Bioassessment, Loading of contaminants","To determine the antidegradation classification of streams, analyze the causes of impairment and determine if water quality is meeting the standards required under the federal Clean Water Act.",EPA Rapid Bioassessment Protocols for Use in Wadeable Streams and Rivers,"66 permanent monitoring sites in all 52 subwatersheds in the North and South Branch Raritan Region. Additional 6 sites are added based on special ongoing projects per year, total of 72 monitoring sites annually",1995-present (varies per indicator),"annual biological, habitat, and baseline chemical monitoring in June, summer bacterial monitoring of impaired sites and swimming holes, quarterly seasonal chemical monitoring of our 2-year impaired sites, annual SAV surveys",metadata: https://www.raritanheadwaters.org/monitoring-water/surface-water/ access/request data: https://www.raritanheadwaters.org/maps-data/ salamander and fish surveys: https://www.raritanheadwaters.org/aquatic-biodiversity-stream-connectivity/,"Emily Mayer, (908) 234-1852, ext. 322, emayer@raritanheadwaters.org"
RLT,Rensselaer Land Trust,Hudson River Tributary Water Quality Monitoring,Water Quality,Pathogens,Enterococcus,Measure fecal indicator bacteria and engage the public.,Y- available on https://www.riverkeeper.org/water-quality/testing/,"Mill Creek, Moordener, Poesten, Quackenderry, and Wynants Watersheds - 18 stations",2017,1x per month from May to October,https://www.riverkeeper.org/water-quality/citizen-data/,"John Winter, jwinter@renstrust.org"
RIPAfish,RIPA,Fish and Crustacean Survey- Fishing ,Habitat and Ecological Health,Marine,Estuarine & Diadromous Fish Abundance,A monthly fish and crustacean monitoring around Randall's Island.,no,Around shorelines of Randall's Island with special focus on the southern half,2019-present,Infrequently; as observed,https://randallsisland.org/things-to-see-do/park-as-lab/,"Jackie Wu, jackie.wu@randallsisland.org"
RIPApoll,RIPA,Randall's Island Insect Pollinator Surveys,Habitat and Ecological Health,Terrestrial,"Blooming plant species, pollinator insect counts",Establish pollinator biodiversity and abundance of Randall's Island. ,RIPA monitoring protocol,"3 sites on Randall's Island: Little Hell Gate Salt Marsh, Freshwater Meadow, Sunken Meadow Hillside",2018-present,monthly May - October,https://randallsisland.org/things-to-see-do/park-as-lab/,"Jackie Wu, jackie.wu@randallsisland.org"
RIPAsein,RIPA,Fish and Crustacean Survey- Seining,Habitat and Ecological Health,Marine,Estuarine & Diadromous Fish Abundance,A monthly fish and crustacean monitoring at two locations on Randall?s Island.,RIPA monitoring protocol,"2 sites on Randall's Island: Waterfront South, Little Hell Gate Salt Marsh",2015-present,"monthly, May to October mostly",https://randallsisland.org/things-to-see-do/park-as-lab/,"Jackie Wu, jackie.wu@randallsisland.org"
RIPAwq,RIPA,Water Quality,Water Quality,"Dissolved Oxygen, In Situ Parameters","Dissolved Oxygen, Water Temperature, Salinity, Turbidity",Create a baseline data set about the water quality of Randall's Island,RIPA monitoring protocol,"Mostly Little Hell Gate salt Marsh, Bronx Kill, Water's Edge Garden but also wherever we may do fishing clinics",2019-present,At least once every two weeks,https://randallsisland.org/things-to-see-do/park-as-lab/,"Jackie Wu, jackie.wu@randallsisland.org"
RIPAmon,"RIPA, Monarchwatch",Monarch Tagging,Habitat and Ecological Health,Terrestrial,Monarch Abundance,Add to national efforts in monitoring monarch abundance and migration.,following MonarchWatch protocol,Island-wide with focus on wildflower meadows,2019-present,migratory season,https://randallsisland.org/things-to-see-do/park-as-lab/,"Jackie Wu, jackie.wu@randallsisland.org"
RIPAwbir,"RIPA, NY/NJ Audubon",Waterbird Survey,Habitat and Ecological Health,Wetlands,Nesting pairs of Harbor Herons,Establish waterbird biodiversity and abundance of Randall's Island.,RIPA monitoring protocol,10 sites around Randall's Island,2011-present,"twice a month, May to Oct",https://randallsisland.org/things-to-see-do/park-as-lab/,"Jackie Wu, jackie.wu@randallsisland.org"
RIPAchris,"RIPA, NYC Audubon",Christmas Bird Count,Habitat and Ecological Health,Wetlands,Nesting pairs of Harbor Herons,Add to long-term efforts to determine bird abundance during the winter.,no,Island-wide,2017-present,once a year in December,https://randallsisland.org/things-to-see-do/park-as-lab/,"Jackie Wu, jackie.wu@randallsisland.org"
RIPAcwqt,"RIPA, NYCWTA, Billion Oyster Project",Citizens' Water Quality Testing Program,Water Quality,Pathogens,Enterococcus,"To create a baseline of data that, when correlated with rain and tide information, can help better inform boaters and other recreational users of the harbor of likely water quality at their preferred access points and launch sites.",following CWQT protocol,"Little Hell Gate Salt Marsh, Bronx Kill East, Bronx Kill West, Water's Edge Garden Beach","2016-2019, 2022-present","weekly, May to sept",https://randallsisland.org/things-to-see-do/park-as-lab/,"Jackie Wu, jackie.wu@randallsisland.org"
RIPAdebr,"RIPA, Riverkeeper, Ocean Conservancy",Marine Debris,Water Quality,Floatable Debris,Debris collected on beaches,Create baseline of data for marine debris in key locations on Randall's Island.,RIPA monitoring protocol,"Shorelines around Randall's Island; Freshwater wetland; Little Hell Gate Salt Marsh, Bronx Kill Salt Marsh",2018-present,Monthly,https://randallsisland.org/things-to-see-do/park-as-lab/,"Jackie Wu, jackie.wu@randallsisland.org"
RKEEPeast,Riverkeeper,East River Water Quality Monitoring,Water Quality,"Dissolved Oxygen, Pathogens, In Situ Parameters","Dissolved Oxygen, Enterococcus, Water Temperature, pH, Conductivity, Salinity, Turbidity, Chlorophyll-a",Measure fecal indicator bacteria and engage the public.,,"33 sites from Hells Gate to Throgs Neck, including navigable portions of tributaries",2016-2019,Monthly May to October,https://www.riverkeeper.org/water-quality/citizen-data/east-river/,dshapley@riverkeeper.org
RKEEPHUD,Riverkeeper,Hudson River Estuary Water Quality Monitoring,Water Quality,"Dissolved Oxygen, Pathogens, In Situ Parameters","Dissolved Oxygen, Enterococcus, Water Temperature, pH, Conductivity, Salinity, Turbidity, Chlorophyll-a, Transparency (secchi), Optical Brighteners ",Measure fecal indicator bacteria and engage the public.,QAPP  https://www.riverkeeper.org/water-quality/testing/,"77  sites, from NY Harbor to Capital District, including mid-channel, near-shore, tributary and sewage treatment plant outfall sites",2006-present,Monthly May to October,(1) https://www.riverkeeper.org/water-quality/hudson-river/   (2) https://www.riverkeeper.org/water-quality/testing/,dshapley@riverkeeper.org
RKEEPHUDt,Riverkeeper,Hudson River Tributary Water Quality Monitoring,Water Quality,Pathogens,Enterococcus,Measure fecal indicator bacteria and engage the public.,QAPP (1) https://www.riverkeeper.org/water-quality/testing/ (2) https://www.riverkeeper.org/wp-content/uploads/2017/02/QAPP-for-RVK-BxRA-HRWA-SLC-CURB-EPA-UWSG-FINAL.pdf,"As of 2022, 27 sites in the Upper Hudson River, Mohawk River, Catskill Creek, Esopus Creek, Rondout Creek, Wallkill River, Quassaick Creek, Pocantico River, Sparkill Creek. Number of sites varies by tributary, but in each case samples are gathered from an entire tributary, source to mouth, in a single day",2011-present,Monthly May to October,(1) https://www.riverkeeper.org/water-quality/citizen-data/  (2) https://www.riverkeeper.org/water-quality/tools-databases/tribdata/,dshapley@riverkeeper.org
RCPEERS,Rockland County,Professional Stream Biomonitoring Program (PEERS),"Water Quality, Habitat and Ecological Health","Dissolved Oxygen, In Situ Parameters, Marine","Dissolved Oxygen, Water Temperature, Salinity, pH, Pressure, Conductivity, Current Speed, Benthic Index of Biotic Integrity","To determine both water quality and the source of impact affecting a site, if any, based on the invertebrate community structure.",,20 stations throughout Rockland County,"2006-present (July 1-Sept 30)
",1 sample per site each season; 20 samples annually,http://rocklandgov.com/departments/environmental-resources/protecting-our-streams-and-waterways/,"Nicole Laible, Rockland County Soil & Water Conservation District Manager, 845-364-2669; laiblen@co.rockland.ny.us"
RJW,Roe Jan Watershed Community,Hudson River Tributary Water Quality Monitoring,Water Quality,"Pathogens, In Situ Parameters","Enterococcus, Water Temperature, Conductivity, Turbidity",Measure fecal indicator bacteria and engage the public.,Y- available on https://www.riverkeeper.org/water-quality/testing/,Roeliff Jansen Watershed - 17 stations,2016-present,1x per month from May to October,(1) https://www.riverkeeper.org/water-quality/citizen-data/ (2) http://waterlab.bard.edu/,"Kaare Christian, kaare@nysite.com"
RRRTHO,Rutgers University's Raritan River Initiative,Raritan River Real-Time Hydrological Observatory,Water Quality,"Dissolved Oxygen, In Situ Parameters","Dissolved Oxygen, pH, Salinity, Turbidity, Water Temperature, Chlorophyll-a, Conductivity, Depth, Pressure, Current Velocity",To create a more comprehensive understanding of the Raritan region.,No,Lower Raritan River; station located at 40.488971N 74.433302W,2017-present,"Every 10 minutes, continuous",http://raritan.rutgers.edu/rtho/,lathrop@crssa.rutgers.edu
CURBcatch,Sarah Lawrence College Center for the Urban River at Beczak,Catch of the Day Seining,"Water Quality, Habitat and Ecological Health","Dissolved Oxygen, In Situ Parameters, Marine","Dissolved Oxygen, Water Temperature, Salinity, pH, Estuarine & Diadromous Fish Abundance",Monitor Hudson River Biodiversity,no,Hudson River at Yonkers,2005-present,100-200 per year ,https://www.centerfortheurbanriver.org/education/k-12/seining.html,"Jason Muller, jmuller@sarahlawrence.edu "
HSCscw,Save Coastal Wildlife,Horseshoe Crab Monitoring,Habitat and Ecological Health,Shorelines and Shallows,Horseshoe Crab Abundance,Horseshoe mating activities in the Bayshore communities.,,5 sites - Sandy Hook Bay and Raritan Bay,2009-present,Annually,,"Joseph Reynolds, jreynolds@savecoastalwildlife.org"
SAWKILL,Saw Kill Watershed Community,Hudson River Tributary Water Quality Monitoring,Water Quality,"Pathogens, In Situ Parameters","Enterococcus, Water Temperature, Turbidity, Chlorophyll-a",Monitor water quality and engage the public,Y- available on https://www.riverkeeper.org/water-quality/testing/,Saw Kill Watershed - 13 Stations,2016-present,1x per month,(1) https://www.riverkeeper.org/water-quality/citizen-data/ (2) http://waterlab.bard.edu/,"Eli Dueker, edueker@bard.edu"
SURFRIDER,Surfrider Foundation NYC Chapter,Surfrider Foundation NYC Chapter?s Blue Water Task Force,Water Quality,Pathogens,Enterococcus,"A volunteer-run water testing, education and advocacy program to alert community members and elected officials about water quality and advocates for solutions.",,"2 sites at Rockaway Beach - Beach 69, Beach 92",2017-present,"Weekly year round, monthly minimum",https://bwtf.surfrider.org/explore/38,BWTF@nyc.surfrider.org
ACEhars,"US Army Corp of Engineers, EPA",Historic Area Remediation Site (HARS) ,Port and Maritime,Toxics,"PCBs, Dioxin in sediments, PAHs in sediment, Metals in sediments (Hg, Cr, Cd, Pb), Loadings of Contaminants
",To assess the status of the site for ecological impacts (both biological and physical) as well as the stability of the mounds and caps.,No - 2010 Monitoring Plan: http://www.nan.usace.army.mil/Portals/37/docs/civilworks/HARS/finalsmmp.pdf,NY Harbor,1997-present,Ongoing,http://www.nan.usace.army.mil/Missions/Navigation/Historic-Area-Remediation-Site-HARS/,"Stephen C. Knowles, Ph.D., (917) 790-8538, stephen.c.knowles@usace.army.mil "
NESQA,USGS,Northeast Region Stream Quality Assessment,Water Quality,"Dissolved Oxygen, Nutrients, In Situ Parameters","Dissolved Oxygen, Nitrogen, Nitrate, Ammonia, Phosphorous, pH, Water Temperature","Assess stream ecology and habitat; concentrations of contaminants, nutrients, and suspended sediment in water and streambed sediment; toxicity of water and streambed sediment; surrounding land use.",,"Northeast, 2 sites in NJ and 48 in NY",2016,up to 10 consecutive weeks of discrete samples,https://webapps.usgs.gov/RSQA/#!/region/NESQA,gs-w_nawqa_whq@usgs.gov
USGSCond,USGS,Current Water Data for NY/NJ,Water Quality,"Dissolved Oxygen, Nutrients, In Situ Parameters","Dissolved Oxygen, Nitrate, Water Temperature, pH, Turbidity, Chlorophyll-a","To provide accurate and up-to-date information on stream, tide, and flood conditions necessary to minimize the loss of life and property and protect and enhance water resources for human health, aquatic health, and environmental quality per the Water Mission Area mission statement.",,New York/New Jersey,1966-present,"Continuous, variations in frequency","(1) https://waterwatch.usgs.gov/wqwatch/map?state=ny&pcode=00010 
(2) https://www.usgs.gov/centers/ny-water/science/current-water-conditions-new-york?qt-science_center_objects=0#qt-science_center_objects","Ronald Busciolano, rjbuscio@usgs.gov; Guy Foster, gfoster@usgs.gov; Heidi Hoppe, hhoppe@usgs.gov"
USGSHist,USGS,Water Quality Samples for NY,"Water Quality, Port and Maritime","Dissolved Oxygen, Nutrients, In Situ Parameters, Toxics","Dissolved Oxygen, Nitrogen, Nitrate, Ammonia, Phosphorous, Water Temperature, Turbidity, Salinity, Chlorophyll-a, Metals in Sediment (Hg, Cr, Cd, Pb) , PCBs",Historical water quality data,,New York/New Jersey,1932-present,Varies, (1) https://nwis.waterdata.usgs.gov/ny/nwis/qwdata and (2) https://nwis.waterdata.usgs.gov/nj/nwis/qwdata,"Ronald Busciolano, rjbuscio@usgs.gov
"
USGSTides,USGS,National Water Information System: Current Conditions,Water Quality,"Dissolved Oxygen, Nutrients, In Situ Parameters","Dissolved Oxygen, Nitrate, pH, Water Temperature, Chlorophyll-a, Phycoetherin, Turbidity, Salinity","Provide data for sea-level and climate changes, TMDL development, and sediment flux",,"Long Island Sound, Hempstead Bay, Jamaica Bay (Rockaway Inlet) - 23 sites",1997-present,Continuous,"(1) https://waterdata.usgs.gov/nwis/rt
(2) https://www.arcgis.com/home/webmap/viewer.html?webmap=f281db43697449e894e8642cfb781b83&extent=-74.4401%2C40.2047%2C-71.7979%2C41.6243","Ronald Busciolano, rjbuscio@usgs.gov; Guy Foster, gfoster@usgs.gov"
VCPA,Van Cortlandt Park Alliance,Tibbetts Brook Water Quality Monitoring,Water Quality,"Pathogens, Nutrients, In Situ Parameters","Nitrate, Ammonia, Phosphorous, Turbidity, Enterococcus, Fecal Coliform",Tibbetts Brook is one of the last above ground streams left in NYC due to development. Since December of 2015 the Friends in association with Manhattan College?s Civil & Environmental Engineering Department have been monitoring the health of Tibbetts Brook and the associated Hester & Piero's Mill Pond in order to better understand human impacts on the aquatic system. Nutrient and Bacteria sampling are included.,QAPP,Tibbetts Brook & Hester & Piero's Mill Pond; 9 sites,2016-present,Alternating weeks,https://vancortlandt.org/programs-overview/research-projects/,"John Butler, john@vancortlandt.org "
WHOIfish,"Woods Hole Oceanographic Institution, Wildlife Conservation Society, NOAA",Autonomous Real-time Marine Mammal Detections,Habitat and Ecological Health,Marine,Whale & Dolphin Abundance,"Providing scientists, managers, and the public with near real-time information on whale presence.","all whale detection data from the buoy is reviewed by a person, and the data distributed to stakeholders in near real time is the results of the human review (not the raw data).  We have an extensive protocol in place for the analyst to review the detection information","40.2607, -73.2200, right outside the harbor",June 2016-present,24 hour,"http://dcs.whoi.edu/nyb0616/nyb0616.shtml, http://dcs.whoi.edu/nyb0218/nyb0218_buoy.shtml","Mark Baumgartner, Associate scientist and PI at WHOI, mbaumgartner@whoi.edu
508-289-2678"
RRWAwq,Rahway River Watershed Association & NJDEP,Water Quality Monitoring Program,"Water Quality, Habitat and Ecological Health","In Situ Parameters, Riparian",To assess the condition of the river.,"Water Temperature, Water Clarity, Riparian Area Integrity, Area of Coastal Forest & Grassland, Upland Quality/Functionality",Rahway River Branches and tributary streams,2018-present,,,https://rahwayriver.org/waterqualitymonitoring.html,"Clea Chia, cleacarchia@outlook.com"
SAMP,Lower Raritan Watershed Partnership & NASA,Soil Moisture Monitoring - Soil Moisture Active Passive (SAMP),Habitat and Ecological Health,Riparian,"To measure soil moisture over a three-year period, every 2-3 days, to develop a soils database.","Soil properties (bulk density, texture, heavy metals, salinity, organic content, nutrients, pH)","5 sites - Bridgewater, Green Brook, Manalapan, North Brunswick, Old Bridge",2017-2019,every 2-3 days,NASA Soil Moisture Monitoring Protocol,,"Heather Fenyk, Ph.D., AICP/PP, hfenyk@lowerraritanwatershed.org 
"
